round,team_id,orders,sessions,conversion_rate,aov_net,revenue_net,gross_margin_pct,contribution_margin_pct,cac_blended,repeat_order_share,active_customers,ltv_cac_ratio,rating,nps,service_level,instock_rate,delivery_success,rto_rate,return_rate,cash_balance,runway_rounds,market_share,binding_constraint
1,team_01,3503.604985822496,211173.32026376962,0.016591134625559036,2959.024067999999,8967902.885319045,0.392446311618226,0.08839921286391096,584.1355748881011,0.1949986082257714,13140.063119043463,2.194599810026666,4.111091543358194,83.43104482104415,1.0,1.0,0.9559,0.1476,0.08318923358102699,9876856.75021605,4.651997339897397,0.16081650270918643,under_marketing
1,team_02,7144.840967494469,223641.4057626893,0.0319477555738315,2012.136366239999,12435900.544449732,0.10653869355621486,-0.19448717144590966,253.53977390818898,0.08473709520770799,16654.313059041357,0.2185085766526011,4.063626079231118,72.43166450270002,1.0,1.0,0.9559,0.1476,0.08488083150794008,11347583.480177635,17.39315779935688,0.22300620994364442,wasted_spend
1,team_03,2739.2144614028794,162567.09681371422,0.01684974705885132,2959.024067999999,7011352.413107646,0.3924463116182262,0.06665742758697599,675.0925869611964,0.22102434031267518,12248.686552949766,1.9034843324313406,4.2246994836768215,88.2025783144265,1.0,1.0,0.9559,0.1476,0.07171573111856415,8885555.016889203,2.8530139607777105,0.12573075207844123,under_marketing
1,team_04,3200.3775278493777,190705.80290896515,0.01678175220172562,2959.024067999999,8191755.344066843,0.39244631161822624,0.06612234728748613,696.1381076285894,0.2426067606770304,12981.324102874278,1.8370709425212983,4.118451414517447,83.74015940973278,1.0,1.0,0.9559,0.1476,0.08210115548589372,9371269.451584198,3.564941053860301,0.14689827291046215,under_marketing
1,team_05,4846.406946430744,301810.9644155443,0.016057756403302946,2959.024067999999,12404967.744422678,0.3924463116182263,0.061307300406440716,616.6036565575849,0.12492410893237048,14355.87903797763,2.0825568966049715,4.099649402531146,82.9504749063081,1.0,1.0,0.9559,0.1476,0.08488083150794008,10878739.27621022,9.702238779434703,0.22245150894130675,under_marketing
1,team_06,2638.2565339442563,152763.25880310475,0.017270229468884808,2959.024067999999,6752938.324585771,0.39244631161822624,0.12321179796019627,494.6322282732913,0.2294822590286072,12147.728625491141,2.5980515437907736,4.099649402531146,82.9504749063081,1.0,1.0,0.9559,0.1476,0.08488083150794008,9315495.308299694,3.4700983526311027,0.12109675341695912,under_marketing
2,team_01,3353.3806170512726,198800.90159986087,0.01686803525569936,2959.024067999999,7825657.646569387,0.37879617471169696,0.023559953055496664,676.0033286387402,0.24233416443036457,14960.702416976885,1.612720425630812,4.11885562370893,83.75713619577505,1.0,1.0,0.9559,0.1476,0.08318923358102699,8041521.911178522,4.381501260770265,0.1711645072332178,under_marketing
2,team_02,4715.021749250994,209801.30953710937,0.0224737479458726,2012.136366239999,7134579.945148684,0.0753850120126764,-0.3795433196652653,441.52092519520124,0.13626831883937157,17763.675626345135,0.12210127474496103,4.036335736503924,70.82832056091382,0.6967888599872623,1.0,0.9559,0.1476,0.08488083150794008,9437869.790088609,4.942033897054294,0.15604910357440907,stock_out
2,team_03,3068.649973614184,179855.96619056404,0.017061707980055754,2959.024067999999,7343876.168958537,0.3826425957993331,0.005105720630928428,755.3727477017991,0.22022440220249975,13762.663599105887,1.5230201389069054,4.311989122250597,91.86874313452506,1.0,1.0,0.9559,0.1476,0.07171573111856415,6281606.953505158,2.412339570759984,0.1606268766680086,under_marketing
2,team_04,3059.9918957213486,178836.49435547765,0.017110556247199343,2959.024067999999,6747504.957682634,0.3697791205662332,-0.020709339892841797,767.4845311098828,0.29740579198627015,14657.706712906242,1.245590225317253,4.131367404679661,84.28263099654578,1.0,1.0,0.9559,0.1476,0.13039595283053712,5542061.9031130215,1.4473130100575793,0.14758291421574543,under_marketing
2,team_05,4684.714392179167,287744.29139499227,0.016280824788799605,2959.024067999999,10921646.176017309,0.37864192881369174,0.0020851218034018165,674.1154953179199,0.16783790075665436,17274.56369311734,1.6165400206624279,4.099403984302947,82.94016734072378,1.0,1.0,0.9559,0.1476,0.08488083150794008,10436410.074607858,23.59421452800625,0.23888065007713022,under_marketing
2,team_06,2472.6354966881113,141216.13682794507,0.01750958178172457,2959.024067999999,5746830.778885005,0.37816481137338226,0.12884717805452583,359.8505234620427,0.27116748046049427,13075.817533724969,3.01762222091319,4.099403984302947,82.94016734072378,1.0,1.0,0.9559,0.1476,0.08488083150794008,6103538.745094607,1.900255693060843,0.1256959482314889,under_marketing
3,team_01,3521.2655653190395,206152.73850580785,0.01708085757599498,2959.024067999999,7693168.393082359,0.37843159276288263,0.002976891035436607,660.9263807481585,0.2619980284580365,16806.024774708872,1.5362569314513415,4.094558166354444,78.11161642688666,1.0,1.0,0.898546,0.156456,0.08318923358102699,2401598.6370371534,0.42582115399482573,0.15909327294557127,under_marketing
3,team_02,6953.68862473272,215307.41473880337,0.03229655900689009,2012.136366239999,10597091.380713351,0.09165804488254124,-0.28551258004645974,284.25874228278116,0.09032811742388651,20587.061442134018,0.18196076144319054,3.9681754463338144,58.50937764850072,1.0,1.0,0.898546,0.156456,0.08488083150794008,1338271.6554184016,0.165226920294965,0.2191458532191967,under_marketing
3,team_03,3190.5906402001165,181208.7863849996,0.017607262340035363,2959.024067999999,7055724.052128458,0.3802988789021619,-0.025771381560539087,743.2894292389122,0.2378345413499164,15297.44753672374,1.410254411446848,4.343359555652239,88.56127477739403,1.0,1.0,0.898546,0.156456,0.07171573111856415,6324208.121049988,99.0,0.1459110440716812,under_marketing
3,team_04,3213.4428018851286,185286.55822311426,0.01734309726891055,2959.024067999999,6645158.724834411,0.36967380708943376,-0.04163235494196792,753.3393016491032,0.3183942063539864,16349.377005589502,1.1683869012714012,4.110676284193211,78.78857737611484,1.0,1.0,0.898546,0.156456,0.13039595283053712,2965256.2666842854,1.1507489058406102,0.13742063045537284,under_marketing
3,team_05,4945.392236825565,299615.75983773044,0.01650578140316768,2959.024067999999,10789344.688467776,0.3782129810330186,-0.01782845667971917,656.6012595147322,0.19067509181569903,20211.896642600197,1.5429191338217128,4.064079638939339,75.47645852448488,1.0,1.0,0.898546,0.156456,0.08488083150794008,7079915.240427861,2.1093180803769975,0.22312161540227415,under_marketing
3,team_06,2560.5054576104167,145365.30854761988,0.017614281448531627,2959.024067999999,5575852.728173351,0.3779236836628513,0.10879402163079255,352.8897494342261,0.2822962239401619,14049.408710344367,2.872659125118213,4.069499877943208,77.05916831361475,1.0,1.0,0.898546,0.156456,0.08488083150794008,5271886.107987336,6.339048146741272,0.11530758390590379,under_marketing
4,team_01,3738.6444303329395,217980.70958521924,0.017151262776632634,2959.024067999999,8857440.409009302,0.3811128681024078,0.054060585610698306,634.878703048569,0.27639015503095277,18719.239796852482,1.778845414340965,4.107282259806305,83.27105491186481,1.0,1.0,0.9559,0.1476,0.08318923358102699,1540964.2576289931,1.7904981424152278,0.16133819861350185,under_marketing
4,team_02,7196.751273233376,225875.90532475634,0.03186152707561324,2012.136366239999,11550604.299232716,0.08902715197071168,-0.25413258191979066,274.04958472861455,0.0883078835214465,22484.852152274772,0.18404691795928346,3.936749201782038,58.45291317915117,1.0,1.0,0.9559,0.1476,0.08488083150794008,0.0,0.0,0.21039415502474865,wasted_spend
4,team_03,3220.7226734526735,178186.8892361067,0.01807496997820671,2959.024067999999,7687613.200511319,0.38224635759853687,0.01526672063394938,759.8562449634051,0.26142681110166555,16750.606294651763,1.515604207000724,4.395051172633389,95.35734925060233,1.0,1.0,0.9559,0.1476,0.07171573111856415,5161716.175945739,4.440216723809516,0.14002980637005505,under_marketing
4,team_04,3372.388966789938,193152.57629157635,0.017459715172005254,2959.024067999999,7613461.6976171825,0.3735856579749873,0.015212266975509982,738.1327768550033,0.3371392223257242,18059.402604069706,1.3755898926534984,4.125924813452696,84.05404216501321,1.0,1.0,0.9559,0.1476,0.13039595283053712,3524738.6471356237,99.0,0.13867913740148313,under_marketing
4,team_05,5365.143874153046,324325.8399631339,0.016542449638804302,2959.024067999999,12712339.256451044,0.3811304112660122,0.041280093990984354,616.1068474044378,0.204961879661549,23316.54475411523,1.8338191037988831,4.056389329078243,76.60459664367613,1.0,1.0,0.9559,0.1476,0.08488083150794008,3841752.836663902,1.1863990614548374,0.23155514698279706,under_marketing
4,team_06,2737.3941168692427,156322.5316788795,0.017511193603827028,2959.024067999999,6478375.6780858,0.3809496056839799,0.1475210236690072,330.7245818782318,0.28368148813096933,15144.420406237503,3.4309587591489796,4.078299317091392,82.05377131783844,1.0,1.0,0.9559,0.1476,0.08488083150794008,7106380.253185765,99.0,0.11800355560741418,under_marketing
5,team_01,3652.726523880852,207183.97174477475,0.017630352836273275,3174.8625302026044,9164041.907195104,0.4213114235704236,0.10634086588875619,685.6020337481967,0.3141642281004642,20387.16447954648,2.1032889486851736,4.116189125222608,83.64514325934952,1.0,1.0,0.9559,0.1476,0.08318923358102699,1134401.8497027485,2.7902280869719336,0.17281209367619169,under_marketing
5,team_02,6782.017622089525,212218.54895590455,0.03195770424148322,2012.136366239999,10724485.069371788,0.08566279091703767,-0.27328983857346995,292.44611608879944,0.09341387264230104,23109.41391840353,0.1702891227047016,3.9070965050571065,55.293918532032066,1.0,1.0,0.9559,0.1476,0.08488083150794008,0.0,0.0,0.20223835041414098,under_marketing
5,team_03,3245.265882190398,174220.3632285826,0.018627362623119474,2959.024067999999,7706172.376023436,0.3814611959395653,0.0141606642319303,777.353991076182,0.28351155748366474,18117.707762206584,1.46860505715963,4.431235304520194,96.87708278984815,1.0,1.0,0.9559,0.1476,0.07171573111856415,2851597.0232408596,1.2343939142281786,0.14532013231897697,under_marketing
5,team_04,3336.4178692833398,186158.221316948,0.017922484678250358,2959.024067999999,7396739.591757461,0.3706573248228117,0.002625231088305264,791.5161356782846,0.37518095147041,19590.251695741415,1.2307787105235894,4.1365987839343346,84.50234892524205,1.0,1.0,0.9559,0.1476,0.13039595283053712,4252134.579627931,99.0,0.13948496396830937,under_marketing
5,team_05,5133.436072383855,302089.113083884,0.01699311842118059,2959.024067999999,11955734.916596279,0.37848615425591026,0.022565578139804716,679.2258553467211,0.24629222821339958,25913.235947781413,1.607598843419499,4.043522464696321,74.19327646984658,1.0,1.0,0.9559,0.1476,0.08488083150794008,2171534.7924015,1.3001504802688735,0.22545680206376692,under_marketing
5,team_06,2612.035214730033,144925.18095490691,0.01802333588627887,2959.024067999999,6081764.75238189,0.37844421949565943,0.13565685640448302,365.10983230175964,0.3200023306221598,16039.39576957522,3.012772259736488,4.08445892449512,82.31247482879505,1.0,1.0,0.9559,0.1476,0.08488083150794008,8284776.659968608,99.0,0.11468765755861399,under_marketing
6,team_01,3695.1222312663017,206010.04160131927,0.017936612227948012,3166.1557527599994,9274905.742300982,0.4201853761309156,0.10768423700503295,701.557096982365,0.3374516795241083,21958.621943968694,2.047848880233409,4.122423931014019,83.90700510258881,1.0,1.0,0.9559,0.1476,0.08318923358102699,0.0,0.0,0.17404937024475153,under_marketing
6,team_02,6623.822788018628,208520.4095539903,0.03176582475637034,2012.136366239999,10511372.922226194,0.08646696902462708,-0.27497630507706905,299.3997803477132,0.09332078756792027,23168.797940310214,0.16500525504551591,3.8811444793270637,52.90514894572257,1.0,1.0,0.9559,0.1476,0.08488083150794008,-919784.453253448,-0.09007234699263364,0.1972524452919484,under_marketing
6,team_03,3256.1554674348745,170318.0882944119,0.01911808369881585,2959.024067999999,7729469.691653378,0.38141084735487407,0.014760389021527752,798.6709389487276,0.30496721423826884,19387.931390037636,1.4294621605357143,4.456564196840958,97.94089626732023,1.0,1.0,0.9559,0.1476,0.07171573111856415,1026908.5559466407,0.5627856888192073,0.14504830232640303,under_marketing
6,team_04,3377.644086153052,185129.16142177198,0.018244797633247566,2959.024067999999,7514457.176292622,0.3712274280427085,0.007334088915037028,815.5598367921116,0.4010028478637373,21034.42780453185,1.205863980880301,4.144070563271482,84.81616365740226,1.0,1.0,0.9559,0.1476,0.13039595283053712,2095473.4543437194,0.9716285186285681,0.1410134588538056,under_marketing
6,team_05,5176.875939296037,300498.26348603464,0.017227640117583,2959.024067999999,12118055.17225898,0.3792679794220986,0.027175122490965216,696.1345385454898,0.27077017670766074,28322.268580907657,1.5852512140923702,4.027683446278698,71.81998435873734,1.0,1.0,0.9559,0.1476,0.08488083150794008,1165782.0826591142,1.1591140360513852,0.2274028362038728,under_marketing
6,team_06,2624.2431581352002,143618.0812241723,0.01827237305892592,2959.024067999999,6140675.240617333,0.379213622290743,0.1383185520770719,372.6606059897685,0.3368795505524049,16886.167110244303,2.985437969977221,4.08877064967773,82.49356728646464,1.0,1.0,0.9559,0.1476,0.08488083150794008,7989852.127671497,27.09117503871264,0.1152335870792186,under_marketing
7,team_01,3736.929791964383,205257.42485336147,0.018206063895784007,3166.1557527599994,8922196.841483768,0.4191165624588681,0.08815390073033619,716.6381728037998,0.35865086636645344,23439.69789897703,1.9146327167940556,4.126788295068007,84.09030839285629,1.0,1.0,0.9559,0.2214,0.08318923358102699,0.0,0.0,0.18208301536283408,under_marketing
7,team_02,5479.31053529485,169466.4226690481,0.032332720836359574,2012.136366239999,8091004.893991393,0.07968302717167085,-0.2455412963031451,182.77734622795498,0.10229103248684022,21359.687461163194,0.27157205011515956,3.8461656608858443,50.960860525001834,1.0,1.0,0.9559,0.2214,0.08708536484693877,-16048024.991658859,-1.0607991690057037,0.16512015982023553,under_marketing
7,team_03,3267.5462031642655,167227.49501915378,0.01953952729358297,2959.024067999999,7382812.3195886025,0.3803791681715956,-0.008913756801106343,818.9288335777468,0.3245232481545069,20566.705385129604,1.3171656183066371,4.474294421465492,98.68556570155067,1.0,1.0,0.9559,0.2214,0.07171573111856415,0.0,0.0,0.15066745924706776,under_marketing
7,team_04,3381.606596300428,182015.38887195408,0.01857868511700048,2959.024067999999,7123793.44093532,0.369278051396047,-0.02011763267918504,854.7542348375529,0.42913932158613183,22361.694310123996,1.0583115268910142,4.149300808807485,85.03583396991438,1.0,1.0,0.9559,0.2214,0.13039595283053712,0.0,0.0,0.14538143616340235,under_marketing
7,team_05,5216.0233877627115,299457.6461073593,0.0174182341161284,2959.024067999999,11611997.605013318,0.3780954547721128,0.004573317020544989,712.7364393752732,0.2931018131159608,30553.382830629052,1.4561106076907442,4.010223702097975,69.49356728105019,1.0,1.0,0.9559,0.2214,0.08488083150794008,0.0,0.0,0.2369761142767183,under_marketing
7,team_06,2636.968545345664,142609.52040816736,0.01849083103146487,2959.024067999999,5868903.8542113565,0.37805418969404714,0.12030261036972768,379.74110585943765,0.35238422318920476,17685.296819888168,2.757375505616135,4.0917888573055565,82.62033200683338,1.0,1.0,0.9559,0.2214,0.08488083150794008,6712363.103851986,5.254341116593686,0.11977181512974208,under_marketing
8,team_01,3739.858307405396,202244.09233321785,0.018491804948465917,3166.1557527599994,8958235.107638005,0.41958615781228,0.08996071732465535,742.9165875807711,0.3818210889187114,24797.943072021237,1.8574971088547265,4.129843349905799,84.21862069604356,1.0,1.0,0.9559,0.2214,0.08318923358102699,0.0,0.0,0.18869577295955262,under_marketing
8,team_02,4289.001869881939,129901.00029816851,0.03301746607060123,2012.136366239999,6310694.347708126,0.07884271720010465,-0.20750372733358588,118.53089423111396,0.11576835533542787,18516.52489816289,0.42500991267252586,3.811894013257879,49.71087161417043,1.0,1.0,0.9559,0.2214,0.08864420532029657,-24500191.88065635,-2.898687662278556,0.132928119606613,under_marketing
8,team_03,3271.655504793953,164274.75836713612,0.019915752957506475,2959.024067999999,7417542.909255627,0.38090418219598215,-0.0066132010797389845,841.0593480557552,0.34312293866599597,21651.95776867683,1.2918847978332522,4.486705578702667,99.206834305512,1.0,1.0,0.9559,0.2214,0.07171573111856415,0.0,0.0,0.15624271699782208,under_marketing
8,team_04,3381.0361282613476,179034.7404531104,0.018884804813325315,2959.024067999999,7171496.400431629,0.3703974024301081,-0.016116068674456814,896.2468564604831,0.4554760132553916,23577.343964531075,1.0285094950424745,4.152961980682687,85.18960318867288,1.0,1.0,0.9559,0.2214,0.13039595283053712,0.0,0.0,0.15106000683128962,under_marketing
8,team_05,5237.66064726663,297885.4407676837,0.017582801743410485,2959.024067999999,11706913.266244909,0.37871568396819455,0.00777177983980353,731.7328385519731,0.31429793307544196,32602.951000694688,1.4306997229372542,3.9924004738338104,67.34463985954051,1.0,1.0,0.9559,0.2214,0.08488083150794008,0.0,0.0,0.24659377893096815,under_marketing
8,team_06,2644.2911304324025,141449.911741813,0.0186941872064155,2959.024067999999,5909605.431449464,0.37869579564921224,0.12247420000209085,387.6769333219236,0.36739772302179835,18432.197496771296,2.726485637480761,4.093901602645035,82.70906731109146,1.0,1.0,0.9559,0.2214,0.08488083150794008,6014231.48236557,8.614753002536201,0.12447960467375445,under_marketing
9,team_01,3736.939151625247,199230.64986491788,0.018756848678448634,3166.1557527599994,8949949.574975407,0.41956529956541483,0.08973736578684331,770.6300075570334,0.40358652585315413,26037.332910327943,1.7904897337290453,4.131981888292253,84.30843930827463,1.0,1.0,0.9559,0.2214,0.08318923358102699,0.0,0.0,0.1944406557592842,under_marketing
9,team_02,3306.8600974967367,97957.64544120112,0.033758060257600545,2012.136366239999,4847965.487679966,0.07798767528016738,-0.18451348812184312,78.24418144447682,0.13132768449715204,15479.00411281042,0.6584456409224579,3.7836913045812857,49.337180046178105,1.0,1.0,0.9559,0.2214,0.0897464719897959,-27086407.976927582,-10.473373828266082,0.105323675918639,under_marketing
9,team_03,3271.8647520385643,161565.86139251443,0.020250965914697584,2959.024067999999,7417322.1291469885,0.3808898874523825,-0.0066518808956142995,863.8761056508365,0.36051332270724357,22645.884410113296,1.257312893942079,4.495393388768688,99.5717223282849,1.0,1.0,0.9559,0.2214,0.07171573111856415,0.0,0.0,0.16114381055305038,under_marketing
9,team_04,3378.83615456616,176315.96852294847,0.019163528878703838,2959.024067999999,7166301.838287087,0.37038538627613865,-0.01630926376582221,938.7923441945948,0.47981502903549345,24689.156992588774,0.98217617171787,4.1555248009953285,85.29724164180378,1.0,1.0,0.9559,0.2214,0.13039595283053712,0.0,0.0,0.15569031055790436,under_marketing
9,team_05,5248.648787275391,296119.06303664605,0.017724791958516523,2959.024067999999,11729217.213070601,0.37868592634800596,0.008133228564502978,751.8794426463706,0.3340683794025661,34470.00851242949,1.3914351830597258,3.9749436250868335,65.3663049716522,1.0,1.0,0.9559,0.2214,0.08488083150794008,0.0,0.0,0.2548211771862188,under_marketing
9,team_06,2648.5410609400647,140273.38261530545,0.01888128033672354,2959.024067999999,5918452.720501154,0.37867878472610067,0.12260084338837042,395.9571060303123,0.3816204360317148,19125.75065859783,2.6687986239763317,4.09538052438267,82.77118202407213,1.0,1.0,0.9559,0.2214,0.08488083150794008,5842157.3625419615,33.95140052746281,0.12858037002490333,under_marketing
10,team_01,3733.659352378716,196538.31597445434,0.018997106665267296,3166.1557527599994,9399014.278688552,0.42060414269062923,0.11102138911377928,797.9454845676798,0.4234971275014901,27167.201040536274,1.8102820822932428,4.133478865162771,84.37131233683638,1.0,1.0,0.9559,0.1476,0.08318923358102699,83264.291828271,99.0,0.19910686639876035,under_marketing
10,team_02,2563.4552666314507,74221.37370228374,0.034537965800982943,2012.136366239999,3955878.7878259327,0.08002449604841061,-0.146044368607442,51.45514917079782,0.14800063010622655,12749.670893181643,1.0293698711759764,3.765142504600764,50.174423954930006,1.0,1.0,0.9559,0.1476,0.09052589222647481,-30849723.589207232,-8.19748508165113,0.08380055673319481,under_marketing
10,team_03,3269.9832842472315,159126.33254876386,0.020549605033127707,2959.024067999999,7786746.059024935,0.38188819173469096,0.017497155608855692,886.6837497001162,0.3766039815585472,23552.82795987922,1.295286224574276,4.501474855814903,99.82714394422594,1.0,1.0,0.9559,0.1476,0.07171573111856415,0.0,0.0,0.1649528941317534,under_marketing
10,team_04,3376.3030013414736,173887.95365314544,0.019416543414365495,2959.024067999999,7547044.699003256,0.37199189252970033,0.00991044819976854,981.6507723715863,0.5021528274162363,25705.563807789393,1.0154317012866436,4.157318775214177,85.37258855899545,1.0,1.0,0.9559,0.1476,0.13039595283053712,0.0,0.0,0.15987510775434013,under_marketing
10,team_05,5241.649249813856,293541.3616075319,0.0178565951357206,2959.024067999999,12309389.510562764,0.3797653131174827,0.03160530940601057,774.9281734960243,0.3530124046538963,36144.60240426979,1.4323931471376579,3.958405430682749,63.59210073638046,1.0,1.0,0.9559,0.1476,0.08488083150794008,0.0,0.0,0.26075968181972964,under_marketing
10,team_06,2643.5693148528662,138633.33686817702,0.019068785146292556,2959.024067999999,6207803.8337146435,0.3797577854939882,0.14061955034623466,406.16474993234453,0.396027661184699,19759.358680690508,2.7607129773402654,4.096415769599015,82.81466232315863,1.0,1.0,0.9559,0.1476,0.08488083150794008,5459963.420860012,14.285845026302466,0.13150489316222166,under_marketing
11,team_01,3730.6599931931787,194158.93666585788,0.01921446448593577,3166.1557527599994,9353507.73741053,0.42002246935899945,0.10889344105019094,824.5277789885937,0.4416346922822917,28196.84675263545,1.7407995800858977,4.134526748972133,84.4153234568296,1.0,1.0,0.9559,0.1476,0.08318923358102699,553006.6844635624,99.0,0.20311001134900064,under_marketing
11,team_02,2024.1784179269562,57262.469213445875,0.035349129119490647,2012.136366239999,3110430.9500904256,0.07902875563732172,-0.1378217348048172,33.2409843416016,0.16489478273210653,10523.213740883491,1.6423518196677354,3.7604750834405074,52.9895574880659,1.0,1.0,0.9559,0.1476,0.09107702556122449,-32452457.07073465,-20.248193130530453,0.06754253947386465,under_marketing
11,team_03,3267.0185728109545,156948.7737524964,0.020815827321868388,2959.024067999999,7752666.751771755,0.38136006744477224,0.015351931312646965,909.0480695300018,0.39138892129491,24378.16186302337,1.2544558758858455,4.505731882747254,100.00593907538466,1.0,1.0,0.9559,0.1476,0.07171573111856415,0.0,0.0,0.16834799052331922,under_marketing
11,team_04,3374.0388184025323,171742.58216072203,0.019645907124215718,2959.024067999999,7491708.141089051,0.3709085646694144,0.005988171906267429,1024.3147189604827,0.5225685937938623,26634.88712224271,0.958005564220306,4.158574557167372,85.42533140102961,1.0,1.0,0.9559,0.1476,0.13039595283053712,0.0,0.0,0.1626813136075147,under_marketing
11,team_05,5214.554968557565,289932.9874598837,0.017985380050205817,2959.024067999999,12190619.978201594,0.3790702770764454,0.028044939356402537,801.8227704666089,0.37146462478666536,37623.45722163739,1.3713058315142141,3.9430938746370563,62.015310391753005,1.0,1.0,0.9559,0.1476,0.08488083150794008,0.0,0.0,0.26471747622773206,under_marketing
11,team_06,2631.582534785024,136673.75084251256,0.01925448389733127,2959.024067999999,6152502.681763325,0.37907961445222055,0.13823614791714434,417.9015457380932,0.4103164571278896,20329.75124185153,2.6585262771105658,4.097140441250456,82.84509853251916,1.0,1.0,0.9559,0.1476,0.08488083150794008,4959354.710193192,9.906648854725752,0.13360066881856889,under_marketing
12,team_01,3728.2060019701203,192067.77589116953,0.019410887561287827,3166.1557527599994,9347480.839537056,0.4200244054888468,0.10877916957642657,850.1604539739692,0.45811318005199975,29135.13262752969,1.688173286369906,4.135260267638687,84.44613124082484,1.0,1.0,0.9559,0.1476,0.08318923358102699,0.0,0.0,0.20604258110721244,under_marketing
12,team_02,1642.3944695202151,45381.86666115345,0.036190544601949856,2012.136366239999,2531353.2884736154,0.07973252146721785,-0.12935650214782238,20.883187550051222,0.18085722652025724,8809.242681833955,2.6935146008769877,3.779864136711901,60.12696948868802,1.0,1.0,0.9559,0.1476,0.09146673567956393,-32249957.314437557,99.0,0.05579755382276504,under_marketing
12,team_03,3263.5472147451555,155013.2859624953,0.02105333871533279,2959.024067999999,7744334.137545086,0.3813582011541661,0.015097100390889014,930.6872206145755,0.40490725559358276,25127.675324044805,1.2247730910832582,4.508711801599899,100.13109566719578,1.0,1.0,0.9559,0.1476,0.07171573111856415,950624.1060270183,99.0,0.17070509392298625,under_marketing
12,team_04,3372.303818560978,169857.50449500038,0.01985372285191108,2959.024067999999,7488034.747823036,0.3709124494476539,0.00588839891892766,1066.4122317877898,0.5411796621839057,27485.005195102753,0.9204575983052282,4.159453604534608,85.46225139045356,1.0,1.0,0.9559,0.1476,0.13039595283053712,0.0,0.0,0.16505559448018772,under_marketing
12,team_05,5187.96177940241,286696.8909594746,0.018095633203555537,2959.024067999999,12128530.334714226,0.3790712962571254,0.026943512982835167,827.7971051194236,0.38806585100340213,38925.03004803379,1.32789244419934,3.9292050979468716,60.639309906215246,1.0,1.0,0.9559,0.1476,0.08488083150794008,0.0,0.0,0.2673440831920879,under_marketing
12,team_06,2620.589479616666,134936.09717317743,0.01942096692075948,2959.024067999999,6127009.726597826,0.3790848599824449,0.13780875952578137,429.06799086348383,0.4232536290339361,20842.372934117255,2.5885936127951283,4.097647711406465,82.86640387907151,1.0,1.0,0.9559,0.1476,0.08488083150794008,3678935.810544094,2.8732282939218696,0.13505509347476075,under_marketing
